<?xml version="1.0" encoding="UTF-8"?>
<project-private xmlns="http://www.netbeans.org/ns/project-private/1">
    <editor-bookmarks xmlns="http://www.netbeans.org/ns/editor-bookmarks/2" lastBookmarkId="0"/>
    <open-files xmlns="http://www.netbeans.org/ns/projectui-open-files/2">
        <group>
            <file>file:/C:/Users/LENOVO/Documents/NetBeansProjects/ExamProjectKarol/src/examprojectkarol/salesPage.java</file>
            <file>file:/C:/Users/LENOVO/Documents/NetBeansProjects/ExamProjectKarol/src/examprojectkarol/Webcam.java</file>
            <file>file:/C:/Users/LENOVO/Documents/NetBeansProjects/ExamProjectKarol/src/examprojectkarol/pieChart.java</file>
            <file>file:/C:/Users/LENOVO/Documents/NetBeansProjects/ExamProjectKarol/src/examprojectkarol/DailySalesReport.java</file>
            <file>file:/C:/Users/LENOVO/Documents/NetBeansProjects/ExamProjectKarol/src/examprojectkarol/HOME.java</file>
            <file>file:/C:/Users/LENOVO/Documents/NetBeansProjects/ExamProjectKarol/src/examprojectkarol/DailiySalesReportJFrame.java</file>
            <file>file:/C:/Users/LENOVO/Documents/NetBeansProjects/ExamProjectKarol/src/examprojectkarol/inventoryPage.java</file>
            <file>file:/C:/Users/LENOVO/Documents/NetBeansProjects/ExamProjectKarol/src/examprojectkarol/loginPage.java</file>
        </group>
    </open-files>
</project-private>
