<?xml version="1.0" encoding="UTF-8"?>
<project-private xmlns="http://www.netbeans.org/ns/project-private/1">
    <editor-bookmarks xmlns="http://www.netbeans.org/ns/editor-bookmarks/2" lastBookmarkId="0"/>
    <open-files xmlns="http://www.netbeans.org/ns/projectui-open-files/2">
        <group>
            <file>file:/C:/Users/LENOVO/Documents/NetBeansProjects/PAU_CHAT/src/pau_chat/Server/ServerThread.java</file>
            <file>file:/C:/Users/LENOVO/Documents/NetBeansProjects/PAU_CHAT/src/pau_chat/Client/ClientCall.java</file>
            <file>file:/C:/Users/LENOVO/Documents/NetBeansProjects/PAU_CHAT/src/pau_chat/Server/Server.java</file>
            <file>file:/C:/Users/LENOVO/Documents/NetBeansProjects/PAU_CHAT/src/pau_chat/Client/Client.java</file>
            <file>file:/C:/Users/LENOVO/Documents/NetBeansProjects/PAU_CHAT/src/pau_chat/Client/HomePage.java</file>
        </group>
    </open-files>
</project-private>
